EKSEN1,EKSEN2,EKSEN3,EKSEN4,EKSEN5
0,210,210,0,30
3.189e-08,210,210,3.189e-08,30
2.5493e-07,210,210,2.5493e-07,30
8.5974e-07,210,210,8.5974e-07,30
2.0364e-06,210,210,2.0364e-06,30
3.9743e-06,210,210,3.9743e-06,30
6.8625e-06,210,210,6.8625e-06,30
1.0889e-05,210,210,1.0889e-05,30
1.6242e-05,210,210,1.6242e-05,30
2.3109e-05,210,210,2.3109e-05,30
3.1675e-05,210,210,3.1675e-05,30
4.2128e-05,210,210,4.2128e-05,30
5.4653e-05,210,210,5.4653e-05,30
6.9434e-05,210,210,6.9434e-05,30
8.6655e-05,210,210,8.6656e-05,30
0.0001065,210,210,0.0001065,30
0.00012916,210,210,0.00012916,30
0.0001548,210,210,0.0001548,30
0.00018362,210,210,0.00018362,29.999
0.00021579,210,210,0.00021579,29.999
0.0002515,210,210,0.0002515,29.999
0.00029092,210,210,0.00029092,29.999
0.00033424,210,210,0.00033424,29.999
0.00038163,210,210,0.00038163,29.999
0.00043328,210,210,0.00043328,29.999
0.00048936,210,210,0.00048936,29.998
0.00055004,210,210,0.00055005,29.998
0.00061552,210,210,0.00061552,29.998
0.00068595,210,210,0.00068596,29.998
0.00076153,210,210,0.00076153,29.998
0.00084241,210,210,0.00084242,29.997
0.00092879,210,210,0.0009288,29.997
0.0010208,210,210,0.0010208,29.997
0.0011187,210,210,0.0011187,29.996
0.0012226,210,210,0.0012226,29.996
0.0013327,210,210,0.0013327,29.996
0.0014491,210,210,0.0014491,29.995
0.001572,210,210,0.0015721,29.995
0.0017017,210,210,0.0017017,29.995
0.0018382,210,210,0.0018382,29.994
0.0019817,210,210,0.0019818,29.994
0.0021325,210,210,0.0021326,29.993
0.0022906,210,210,0.0022907,29.993
0.0024563,210,210,0.0024564,29.992
0.0026297,209.99,210,0.0026298,29.992
0.002811,209.99,210,0.002811,29.991
0.0030003,209.99,210,0.0030004,29.991
0.0031978,209.99,210,0.0031979,29.99
0.0034037,209.99,210,0.0034038,29.989
0.0036181,209.99,210,0.0036183,29.989
0.0038413,209.99,210,0.0038414,29.988
0.0040733,209.99,210,0.0040735,29.987
0.0043143,209.99,210,0.0043145,29.986
0.0045645,209.99,210,0.0045648,29.986
0.0048241,209.99,210,0.0048244,29.985
0.0050932,209.99,210,0.0050936,29.984
0.005372,209.99,210,0.0053724,29.983
0.0056607,209.99,210,0.0056611,29.982
0.0059593,209.99,210,0.0059597,29.981
0.0062681,209.99,210,0.0062686,29.98
0.0065872,209.99,210,0.0065877,29.979
0.0069168,209.99,210,0.0069174,29.978
0.007257,209.99,210,0.0072577,29.977
0.0076081,209.98,210,0.0076087,29.976
0.00797,209.98,210,0.0079708,29.975
0.0083431,209.98,210,0.0083439,29.974
0.0087275,209.98,210,0.0087284,29.973
0.0091232,209.98,210,0.0091242,29.971
0.0095305,209.98,210,0.0095316,29.97
0.0099496,209.98,210,0.0099508,29.969
0.010381,209.98,210,0.010382,29.967
0.010824,209.98,210,0.010825,29.966
0.011279,209.98,210,0.01128,29.965
0.011746,209.98,210,0.011748,29.963
0.012226,209.98,210,0.012228,29.962
0.012719,209.97,210,0.012721,29.96
0.013224,209.97,210,0.013226,29.959
0.013743,209.97,210,0.013745,29.957
0.014274,209.97,210,0.014276,29.955
0.014819,209.97,210,0.014821,29.954
0.015377,209.97,210,0.01538,29.952
0.015948,209.97,210,0.015951,29.95
0.016534,209.97,210,0.016537,29.948
0.017133,209.97,210,0.017136,29.946
0.017746,209.97,210,0.01775,29.944
0.018373,209.96,210,0.018377,29.942
0.019015,209.96,210,0.019019,29.94
0.01967,209.96,210,0.019675,29.938
0.020341,209.96,210,0.020346,29.936
0.021026,209.96,210,0.021031,29.934
0.021726,209.96,210,0.021732,29.932
0.022441,209.96,210,0.022447,29.93
0.023171,209.95,210,0.023178,29.927
0.023917,209.95,210,0.023923,29.925
0.024677,209.95,210,0.024685,29.923
0.025454,209.95,210,0.025461,29.92
0.026246,209.95,210,0.026254,29.918
0.027054,209.95,210,0.027062,29.915
0.027877,209.95,210,0.027887,29.913
0.028717,209.94,210,0.028727,29.91
0.029574,209.94,210,0.029584,29.907
0.030446,209.94,210,0.030457,29.905
0.031335,209.94,210,0.031347,29.902
0.032241,209.94,210,0.032253,29.899
0.033164,209.93,210,0.033177,29.896
0.034103,209.93,210,0.034117,29.893
0.03506,209.93,210,0.035074,29.89
0.036034,209.93,210,0.036049,29.887
0.037025,209.93,210,0.037041,29.884
0.038033,209.93,210,0.03805,29.881
0.03906,209.92,210,0.039078,29.878
0.040103,209.92,210,0.040122,29.874
0.041165,209.92,210,0.041185,29.871
0.042245,209.92,210,0.042266,29.868
0.043343,209.91,210,0.043365,29.864
0.044459,209.91,210,0.044483,29.861
0.045594,209.91,210,0.045618,29.857
0.046747,209.91,210,0.046773,29.854
0.047919,209.91,210,0.047946,29.85
0.049109,209.9,210,0.049138,29.846
0.050319,209.9,210,0.050349,29.842
0.051547,209.9,210,0.051579,29.838
0.052795,209.9,210,0.052828,29.835
0.054062,209.89,210,0.054096,29.831
0.055348,209.89,210,0.055384,29.827
0.056654,209.89,210,0.056692,29.823
0.05798,209.89,210,0.058019,29.818
0.059325,209.88,210,0.059367,29.814
0.06069,209.88,210,0.060734,29.81
0.062076,209.88,210,0.062121,29.806
0.063481,209.88,210,0.063529,29.801
0.064907,209.87,210,0.064957,29.797
0.066353,209.87,210.01,0.066405,29.792
0.06782,209.87,210.01,0.067874,29.788
0.069307,209.86,210.01,0.069364,29.783
0.070815,209.86,210.01,0.070875,29.778
0.072344,209.86,210.01,0.072406,29.773
0.073895,209.85,210.01,0.073959,29.769
0.075466,209.85,210.01,0.075533,29.764
0.077058,209.85,210.01,0.077129,29.759
0.078672,209.85,210.01,0.078745,29.754
0.080307,209.84,210.01,0.080384,29.749
0.081964,209.84,210.01,0.082044,29.743
0.083643,209.84,210.01,0.083726,29.738
0.085344,209.83,210.01,0.08543,29.733
0.087066,209.83,210.01,0.087156,29.728
0.088811,209.83,210.01,0.088904,29.722
0.090578,209.82,210.01,0.090675,29.717
0.092367,209.82,210.01,0.092468,29.711
0.094178,209.81,210.01,0.094283,29.705
0.096012,209.81,210.01,0.096121,29.7
0.097869,209.81,210.01,0.097982,29.694
0.099748,209.8,210.01,0.099866,29.688
0.10165,209.8,210.01,0.10177,29.682
0.10358,209.8,210.01,0.1037,29.676
0.10552,209.79,210.01,0.10566,29.67
0.1075,209.79,210.01,0.10763,29.664
0.10949,209.78,210.01,0.10963,29.658
0.11151,209.78,210.01,0.11166,29.651
0.11355,209.78,210.01,0.1137,29.645
0.11562,209.77,210.01,0.11578,29.639
0.11771,209.77,210.01,0.11787,29.632
0.11982,209.76,210.01,0.11999,29.625
0.12196,209.76,210.01,0.12213,29.619
0.12412,209.76,210.01,0.1243,29.612
0.1263,209.75,210.01,0.12649,29.605
0.12851,209.75,210.01,0.12871,29.598
0.13075,209.74,210.01,0.13095,29.591
0.13301,209.74,210.01,0.13322,29.584
0.13529,209.73,210.01,0.13551,29.577
0.1376,209.73,210.01,0.13782,29.57
0.13993,209.73,210.01,0.14016,29.563
0.14229,209.72,210.01,0.14253,29.556
0.14467,209.72,210.01,0.14492,29.548
0.14708,209.71,210.01,0.14734,29.541
0.14951,209.71,210.01,0.14978,29.533
0.15197,209.7,210.01,0.15224,29.526
0.15446,209.7,210.01,0.15474,29.518
0.15697,209.69,210.01,0.15726,29.51
0.1595,209.69,210.01,0.1598,29.502
0.16206,209.68,210.01,0.16237,29.494
0.16465,209.68,210.01,0.16497,29.486
0.16726,209.67,210.01,0.16759,29.478
0.1699,209.67,210.01,0.17024,29.47
0.17257,209.66,210.01,0.17292,29.462
0.17526,209.66,210.01,0.17562,29.453
0.17798,209.65,210.01,0.17835,29.445
0.18072,209.65,210.01,0.1811,29.436
0.18349,209.64,210.01,0.18389,29.428
0.18629,209.64,210.01,0.1867,29.419
0.18911,209.63,210.01,0.18953,29.41
0.19196,209.62,210.01,0.1924,29.402
0.19484,209.62,210.01,0.19529,29.393
0.19775,209.61,210.02,0.19821,29.384
0.20068,209.61,210.02,0.20115,29.375
0.20364,209.6,210.02,0.20412,29.365
0.20662,209.6,210.02,0.20713,29.356
0.20964,209.59,210.02,0.21015,29.347
0.21268,209.58,210.02,0.21321,29.337
0.21575,209.58,210.02,0.2163,29.328
0.21885,209.57,210.02,0.21941,29.318
0.22197,209.57,210.02,0.22255,29.309
0.22512,209.56,210.02,0.22572,29.299
0.2283,209.55,210.02,0.22891,29.289
0.23151,209.55,210.02,0.23214,29.279
0.23475,209.54,210.02,0.23539,29.269
0.23801,209.53,210.02,0.23868,29.259
0.24131,209.53,210.02,0.24199,29.249
0.24463,209.52,210.02,0.24533,29.239
0.24798,209.52,210.02,0.2487,29.228
0.25136,209.51,210.02,0.2521,29.218
0.25476,209.5,210.02,0.25552,29.208
0.2582,209.5,210.02,0.25898,29.197
0.26166,209.49,210.02,0.26247,29.186
0.26516,209.48,210.02,0.26598,29.175
0.26868,209.48,210.02,0.26953,29.165
0.27223,209.47,210.02,0.2731,29.154
0.27581,209.46,210.02,0.27671,29.143
0.27942,209.45,210.02,0.28034,29.132
0.28306,209.45,210.02,0.284,29.12
0.28673,209.44,210.02,0.2877,29.109
0.29043,209.43,210.02,0.29142,29.098
0.29416,209.43,210.02,0.29517,29.086
0.29792,209.42,210.02,0.29896,29.075
0.30171,209.41,210.02,0.30277,29.063
0.30553,209.4,210.02,0.30662,29.051
0.30937,209.4,210.02,0.31049,29.04
0.31325,209.39,210.02,0.3144,29.028
0.31716,209.38,210.02,0.31833,29.016
0.3211,209.37,210.02,0.3223,29.004
0.32507,209.37,210.02,0.3263,28.991
0.32906,209.36,210.02,0.33033,28.979
0.33309,209.35,210.03,0.33439,28.967
0.33715,209.34,210.03,0.33848,28.954
0.34124,209.34,210.03,0.3426,28.942
0.34537,209.33,210.03,0.34676,28.929
0.34952,209.32,210.03,0.35094,28.916
0.3537,209.31,210.03,0.35516,28.904
0.35791,209.3,210.03,0.35941,28.891
0.36216,209.3,210.03,0.36368,28.878
0.36643,209.29,210.03,0.368,28.865
0.37074,209.28,210.03,0.37234,28.852
0.37508,209.27,210.03,0.37671,28.838
0.37945,209.26,210.03,0.38112,28.825
0.38385,209.25,210.03,0.38556,28.811
0.38828,209.25,210.03,0.39003,28.798
0.39274,209.24,210.03,0.39454,28.784
0.39724,209.23,210.03,0.39907,28.771
0.40177,209.22,210.03,0.40364,28.757
0.40633,209.21,210.03,0.40824,28.743
0.41092,209.2,210.03,0.41287,28.729
0.41554,209.19,210.03,0.41754,28.715
0.42019,209.18,210.03,0.42224,28.701
0.42488,209.18,210.03,0.42697,28.686
0.4296,209.17,210.03,0.43174,28.672
0.43435,209.16,210.03,0.43653,28.658
0.43913,209.15,210.03,0.44136,28.643
0.44395,209.14,210.03,0.44623,28.628
0.44879,209.13,210.03,0.45112,28.614
0.45368,209.12,210.03,0.45605,28.599
0.45859,209.11,210.03,0.46102,28.584
0.46353,209.1,210.03,0.46602,28.569
0.46851,209.09,210.03,0.47105,28.554
0.47352,209.08,210.04,0.47611,28.539
0.47857,209.07,210.04,0.48121,28.523
0.48364,209.06,210.04,0.48634,28.508
0.48875,209.05,210.04,0.49151,28.492
0.49389,209.04,210.04,0.49671,28.477
0.49907,209.03,210.04,0.50194,28.461
0.50428,209.02,210.04,0.50721,28.445
0.50952,209.01,210.04,0.51251,28.43
0.5148,209,210.04,0.51784,28.414
0.5201,208.99,210.04,0.52322,28.398
0.52545,208.98,210.04,0.52862,28.381
0.53082,208.97,210.04,0.53406,28.365
0.53623,208.96,210.04,0.53953,28.349
0.54167,208.95,210.04,0.54504,28.332
0.54715,208.94,210.04,0.55059,28.316
0.55266,208.93,210.04,0.55616,28.299
0.5582,208.92,210.04,0.56178,28.282
0.56378,208.91,210.04,0.56743,28.266
0.56939,208.9,210.04,0.57311,28.249
0.57504,208.89,210.04,0.57883,28.232
0.58072,208.88,210.04,0.58458,28.215
0.58643,208.87,210.04,0.59037,28.197
0.59218,208.86,210.04,0.59619,28.18
0.59796,208.85,210.04,0.60205,28.163
0.60378,208.84,210.04,0.60795,28.145
0.60963,208.83,210.04,0.61388,28.128
0.61552,208.81,210.05,0.61984,28.11
0.62144,208.8,210.05,0.62584,28.092
0.62739,208.79,210.05,0.63188,28.074
0.63338,208.78,210.05,0.63795,28.057
0.6394,208.77,210.05,0.64406,28.038
0.64546,208.76,210.05,0.65021,28.02
0.65155,208.75,210.05,0.65639,28.002
0.65768,208.74,210.05,0.66261,27.984
0.66385,208.72,210.05,0.66886,27.965
0.67004,208.71,210.05,0.67515,27.947
0.67628,208.7,210.05,0.68148,27.928
0.68255,208.69,210.05,0.68784,27.909
0.68885,208.68,210.05,0.69424,27.891
0.69519,208.66,210.05,0.70067,27.872
0.70156,208.65,210.05,0.70715,27.853
0.70797,208.64,210.05,0.71365,27.834
0.71441,208.63,210.05,0.7202,27.814
0.72089,208.62,210.05,0.72678,27.795
0.72741,208.6,210.05,0.7334,27.776
0.73396,208.59,210.05,0.74006,27.756
0.74055,208.58,210.05,0.74675,27.737
0.74717,208.57,210.05,0.75348,27.717
0.75383,208.56,210.05,0.76025,27.697
0.76052,208.54,210.06,0.76705,27.677
0.76725,208.53,210.06,0.7739,27.657
0.77402,208.52,210.06,0.78078,27.637
0.78082,208.51,210.06,0.78769,27.617
0.78765,208.49,210.06,0.79465,27.597
0.79453,208.48,210.06,0.80164,27.576
0.80144,208.47,210.06,0.80867,27.556
0.80838,208.45,210.06,0.81574,27.535
0.81536,208.44,210.06,0.82284,27.515
0.82238,208.43,210.06,0.82999,27.494
0.82944,208.42,210.06,0.83717,27.473
0.83653,208.4,210.06,0.84439,27.452
0.84365,208.39,210.06,0.85164,27.431
0.85082,208.38,210.06,0.85894,27.41
0.85802,208.36,210.06,0.86627,27.389
0.86525,208.35,210.06,0.87364,27.367
0.87253,208.34,210.06,0.88105,27.346
0.87984,208.32,210.06,0.8885,27.324
0.88718,208.31,210.06,0.89599,27.303
0.89457,208.3,210.06,0.90351,27.281
0.90199,208.28,210.06,0.91108,27.259
0.90944,208.27,210.07,0.91868,27.237
0.91694,208.25,210.07,0.92632,27.215
0.92447,208.24,210.07,0.934,27.193
0.93203,208.23,210.07,0.94172,27.171
0.93964,208.21,210.07,0.94947,27.149
0.94728,208.2,210.07,0.95727,27.127
0.95496,208.18,210.07,0.96511,27.104
0.96268,208.17,210.07,0.97298,27.082
0.97043,208.16,210.07,0.98089,27.059
0.97822,208.14,210.07,0.98885,27.036
0.98605,208.13,210.07,0.99684,27.013
0.99391,208.11,210.07,1.0049,26.99
1.0018,208.1,210.07,1.0129,26.967
1.0098,208.08,210.07,1.0211,26.944
1.0177,208.07,210.07,1.0292,26.921
1.0257,208.06,210.07,1.0374,26.898
1.0338,208.04,210.07,1.0456,26.874
1.0419,208.03,210.07,1.0539,26.851
1.05,208.01,210.07,1.0622,26.827
1.0582,208,210.08,1.0705,26.803
1.0664,207.98,210.08,1.0789,26.779
1.0746,207.97,210.08,1.0874,26.756
1.0829,207.95,210.08,1.0958,26.732
1.0912,207.94,210.08,1.1043,26.707
1.0996,207.92,210.08,1.1129,26.683
1.108,207.91,210.08,1.1215,26.659
1.1164,207.89,210.08,1.1301,26.635
1.1249,207.88,210.08,1.1388,26.61
1.1334,207.86,210.08,1.1475,26.586
1.1419,207.85,210.08,1.1562,26.561
1.1505,207.83,210.08,1.165,26.536
1.1591,207.81,210.08,1.1738,26.511
1.1678,207.8,210.08,1.1827,26.486
1.1765,207.78,210.08,1.1916,26.461
1.1852,207.77,210.08,1.2006,26.436
1.194,207.75,210.08,1.2096,26.411
1.2028,207.74,210.08,1.2186,26.386
1.2117,207.72,210.08,1.2277,26.36
1.2206,207.7,210.09,1.2368,26.335
1.2295,207.69,210.09,1.246,26.309
1.2385,207.67,210.09,1.2552,26.284
1.2475,207.66,210.09,1.2644,26.258
1.2565,207.64,210.09,1.2737,26.232
1.2656,207.62,210.09,1.283,26.206
1.2747,207.61,210.09,1.2924,26.18
1.2839,207.59,210.09,1.3018,26.154
1.2931,207.58,210.09,1.3112,26.128
1.3023,207.56,210.09,1.3207,26.101
1.3116,207.54,210.09,1.3302,26.075
1.3209,207.53,210.09,1.3398,26.048
1.3303,207.51,210.09,1.3494,26.022
1.3397,207.49,210.09,1.359,25.995
1.3491,207.48,210.09,1.3687,25.968
1.3586,207.46,210.09,1.3785,25.941
1.3681,207.44,210.09,1.3883,25.915
1.3776,207.43,210.1,1.3981,25.887
1.3872,207.41,210.1,1.4079,25.86
1.3969,207.39,210.1,1.4178,25.833
1.4065,207.37,210.1,1.4278,25.806
1.4162,207.36,210.1,1.4378,25.778
1.426,207.34,210.1,1.4478,25.751
1.4358,207.32,210.1,1.4579,25.723
1.4456,207.31,210.1,1.468,25.696
1.4555,207.29,210.1,1.4781,25.668
1.4654,207.27,210.1,1.4883,25.64
1.4753,207.25,210.1,1.4986,25.612
1.4853,207.24,210.1,1.5089,25.584
1.4953,207.22,210.1,1.5192,25.556
1.5054,207.2,210.1,1.5296,25.528
1.5155,207.18,210.1,1.54,25.499
1.5257,207.17,210.1,1.5504,25.471
1.5358,207.15,210.1,1.5609,25.442
1.5461,207.13,210.1,1.5715,25.414
1.5563,207.11,210.11,1.582,25.385
1.5666,207.1,210.11,1.5927,25.356
1.577,207.08,210.11,1.6033,25.328
1.5874,207.06,210.11,1.614,25.299
1.5978,207.04,210.11,1.6248,25.27
1.6083,207.02,210.11,1.6356,25.241
1.6188,207.01,210.11,1.6464,25.211
1.6293,206.99,210.11,1.6573,25.182
1.6399,206.97,210.11,1.6682,25.153
1.6505,206.95,210.11,1.6792,25.123
1.6612,206.93,210.11,1.6902,25.094
1.6719,206.91,210.11,1.7013,25.064
1.6826,206.9,210.11,1.7124,25.034
1.6934,206.88,210.11,1.7235,25.005
1.7042,206.86,210.11,1.7347,24.975
1.7151,206.84,210.11,1.7459,24.945
1.726,206.82,210.12,1.7572,24.915
1.737,206.8,210.12,1.7685,24.885
1.748,206.78,210.12,1.7799,24.854
1.759,206.76,210.12,1.7913,24.824
1.77,206.75,210.12,1.8028,24.794
1.7812,206.73,210.12,1.8142,24.763
1.7923,206.71,210.12,1.8258,24.733
1.8035,206.69,210.12,1.8374,24.702
1.8147,206.67,210.12,1.849,24.671
1.826,206.65,210.12,1.8607,24.641
1.8373,206.63,210.12,1.8724,24.61
1.8487,206.61,210.12,1.8841,24.579
1.8601,206.59,210.12,1.8959,24.548
1.8715,206.57,210.12,1.9078,24.517
1.883,206.55,210.12,1.9197,24.485
1.8945,206.53,210.12,1.9316,24.454
1.9061,206.52,210.12,1.9436,24.423
1.9177,206.5,210.13,1.9556,24.391
1.9293,206.48,210.13,1.9677,24.36
1.941,206.46,210.13,1.9798,24.328
1.9527,206.44,210.13,1.9919,24.296
1.9645,206.42,210.13,2.0041,24.265
1.9763,206.4,210.13,2.0164,24.233
1.9881,206.38,210.13,2.0287,24.201
2,206.36,210.13,2.041,24.169
2.0119,206.34,210.13,2.0534,24.137
2.0239,206.32,210.13,2.0658,24.105
2.0359,206.3,210.13,2.0783,24.072
2.048,206.28,210.13,2.0908,24.04
2.06,206.26,210.13,2.1033,24.008
2.0722,206.24,210.13,2.1159,23.975
2.0844,206.22,210.13,2.1286,23.942
2.0966,206.2,210.13,2.1413,23.91
2.1088,206.18,210.14,2.154,23.877
2.1211,206.16,210.14,2.1668,23.844
2.1335,206.14,210.14,2.1796,23.811
2.1459,206.12,210.14,2.1925,23.778
2.1583,206.1,210.14,2.2054,23.745
2.1707,206.08,210.14,2.2184,23.712
2.1832,206.06,210.14,2.2314,23.679
2.1958,206.03,210.14,2.2445,23.646
2.2084,206.01,210.14,2.2576,23.613
2.221,205.99,210.14,2.2707,23.579
2.2337,205.97,210.14,2.2839,23.546
2.2464,205.95,210.14,2.2971,23.512
2.2592,205.93,210.14,2.3104,23.478
2.272,205.91,210.14,2.3238,23.445
2.2848,205.89,210.14,2.3371,23.411
2.2977,205.87,210.14,2.3505,23.377
2.3106,205.85,210.14,2.364,23.343
2.3236,205.83,210.15,2.3775,23.309
2.3366,205.81,210.15,2.3911,23.275
2.3496,205.78,210.15,2.4047,23.241
2.3627,205.76,210.15,2.4183,23.207
2.3759,205.74,210.15,2.432,23.172
2.389,205.72,210.15,2.4458,23.138
2.4023,205.7,210.15,2.4596,23.104
2.4155,205.68,210.15,2.4734,23.069
2.4288,205.66,210.15,2.4873,23.035
2.4422,205.64,210.15,2.5012,23
2.4556,205.61,210.15,2.5152,22.965
2.469,205.59,210.15,2.5292,22.93
2.4825,205.57,210.15,2.5433,22.895
2.496,205.55,210.15,2.5574,22.861
2.5095,205.53,210.15,2.5715,22.826
2.5231,205.51,210.15,2.5857,22.79
2.5368,205.48,210.15,2.6,22.755
2.5505,205.46,210.16,2.6143,22.72
2.5642,205.44,210.16,2.6286,22.685
2.578,205.42,210.16,2.643,22.65
2.5918,205.4,210.16,2.6575,22.614
2.6056,205.38,210.16,2.672,22.579
2.6195,205.35,210.16,2.6865,22.543
2.6334,205.33,210.16,2.7011,22.507
2.6474,205.31,210.16,2.7157,22.472
2.6615,205.29,210.16,2.7304,22.436
2.6755,205.27,210.16,2.7451,22.4
2.6896,205.24,210.16,2.7599,22.364
2.7038,205.22,210.16,2.7747,22.328
2.718,205.2,210.16,2.7895,22.292
2.7322,205.18,210.16,2.8044,22.256
2.7465,205.16,210.16,2.8194,22.22
2.7608,205.13,210.16,2.8344,22.184
2.7752,205.11,210.16,2.8494,22.148
2.7896,205.09,210.17,2.8645,22.111
2.804,205.07,210.17,2.8797,22.075
2.8185,205.04,210.17,2.8949,22.039
2.8331,205.02,210.17,2.9101,22.002
2.8476,205,210.17,2.9254,21.966
2.8623,204.98,210.17,2.9407,21.929
2.8769,204.95,210.17,2.9561,21.892
2.8916,204.93,210.17,2.9715,21.856
2.9064,204.91,210.17,2.987,21.819
2.9212,204.89,210.17,3.0025,21.782
2.936,204.86,210.17,3.0181,21.745
2.9509,204.84,210.17,3.0337,21.708
2.9658,204.82,210.17,3.0494,21.671
2.9808,204.8,210.17,3.0651,21.634
2.9958,204.77,210.17,3.0808,21.597
3.0108,204.75,210.17,3.0966,21.559
3.0259,204.73,210.17,3.1125,21.522
3.0411,204.7,210.17,3.1284,21.485
3.0563,204.68,210.17,3.1444,21.447
3.0715,204.66,210.18,3.1604,21.41
3.0867,204.64,210.18,3.1764,21.372
3.1021,204.61,210.18,3.1925,21.335
3.1174,204.59,210.18,3.2086,21.297
3.1328,204.57,210.18,3.2248,21.259
3.1482,204.54,210.18,3.2411,21.222
3.1637,204.52,210.18,3.2574,21.184
3.1793,204.5,210.18,3.2737,21.146
3.1948,204.47,210.18,3.2901,21.108
3.2104,204.45,210.18,3.3065,21.07
3.2261,204.43,210.18,3.323,21.032
3.2418,204.4,210.18,3.3395,20.994
3.2576,204.38,210.18,3.3561,20.956
3.2733,204.36,210.18,3.3727,20.918
3.2892,204.33,210.18,3.3894,20.88
3.305,204.31,210.18,3.4061,20.841
3.321,204.29,210.18,3.4229,20.803
3.3369,204.26,210.18,3.4397,20.765
3.3529,204.24,210.18,3.4565,20.726
3.369,204.22,210.18,3.4735,20.688
3.3851,204.19,210.19,3.4904,20.649
3.4012,204.17,210.19,3.5074,20.611
3.4174,204.15,210.19,3.5245,20.572
3.4336,204.12,210.19,3.5416,20.533
3.4499,204.1,210.19,3.5588,20.495
3.4662,204.08,210.19,3.576,20.456
3.4826,204.05,210.19,3.5932,20.417
3.499,204.03,210.19,3.6105,20.378
3.5154,204.01,210.19,3.6279,20.339
3.5319,203.98,210.19,3.6453,20.3
3.5484,203.96,210.19,3.6627,20.261
3.565,203.93,210.19,3.6802,20.222
3.5816,203.91,210.19,3.6978,20.183
3.5983,203.89,210.19,3.7154,20.144
3.615,203.86,210.19,3.733,20.105
3.6317,203.84,210.19,3.7507,20.066
3.6485,203.82,210.19,3.7684,20.026
3.6654,203.79,210.19,3.7862,19.987
3.6823,203.77,210.19,3.8041,19.948
3.6992,203.74,210.19,3.822,19.908
3.7161,203.72,210.19,3.8399,19.869
3.7332,203.7,210.19,3.8579,19.829
3.7502,203.67,210.19,3.8759,19.79
3.7673,203.65,210.2,3.894,19.75
3.7845,203.62,210.2,3.9121,19.711
3.8017,203.6,210.2,3.9303,19.671
3.8189,203.58,210.2,3.9485,19.631
3.8362,203.55,210.2,3.9668,19.592
3.8535,203.53,210.2,3.9852,19.552
3.8709,203.5,210.2,4.0035,19.512
3.8883,203.48,210.2,4.022,19.472
3.9057,203.46,210.2,4.0404,19.432
3.9232,203.43,210.2,4.059,19.392
3.9408,203.41,210.2,4.0776,19.352
3.9584,203.38,210.2,4.0962,19.312
3.976,203.36,210.2,4.1149,19.272
3.9937,203.33,210.2,4.1336,19.232
4.0114,203.31,210.2,4.1524,19.192
4.0292,203.29,210.2,4.1712,19.152
4.047,203.26,210.2,4.1901,19.112
4.0648,203.24,210.2,4.209,19.072
4.0827,203.21,210.2,4.2279,19.031
4.1007,203.19,210.2,4.247,18.991
4.1187,203.16,210.2,4.266,18.951
4.1367,203.14,210.2,4.2852,18.91
4.1548,203.12,210.2,4.3043,18.87
4.1729,203.09,210.2,4.3236,18.83
4.1911,203.07,210.2,4.3428,18.789
4.2093,203.04,210.2,4.3621,18.749
4.2275,203.02,210.2,4.3815,18.708
4.2458,202.99,210.2,4.4009,18.668
4.2642,202.97,210.2,4.4204,18.627
4.2826,202.95,210.2,4.4399,18.586
4.301,202.92,210.2,4.4595,18.546
4.3195,202.9,210.2,4.4791,18.505
4.338,202.87,210.2,4.4988,18.465
4.3566,202.85,210.21,4.5185,18.424
4.3752,202.82,210.21,4.5383,18.383
4.3938,202.8,210.21,4.5581,18.342
4.4125,202.77,210.21,4.578,18.301
4.4313,202.75,210.21,4.5979,18.261
4.4501,202.73,210.21,4.6178,18.22
4.4689,202.7,210.21,4.6379,18.179
4.4878,202.68,210.21,4.6579,18.138
4.5067,202.65,210.21,4.678,18.097
4.5257,202.63,210.21,4.6982,18.056
4.5447,202.6,210.21,4.7184,18.015
4.5638,202.58,210.21,4.7387,17.974
4.5829,202.55,210.21,4.759,17.933
4.602,202.53,210.21,4.7794,17.892
4.6212,202.5,210.21,4.7998,17.851
4.6405,202.48,210.21,4.8203,17.81
4.6597,202.46,210.21,4.8408,17.769
4.6791,202.43,210.21,4.8614,17.728
4.6984,202.41,210.21,4.882,17.686
4.7179,202.38,210.21,4.9026,17.645
4.7373,202.36,210.21,4.9234,17.604
4.7568,202.33,210.21,4.9441,17.563
4.7764,202.31,210.21,4.965,17.522
4.796,202.28,210.21,4.9858,17.48
4.8156,202.26,210.21,5.0067,17.439
4.8353,202.23,210.21,5.0277,17.398
4.855,202.21,210.21,5.0487,17.357
4.8748,202.19,210.21,5.0698,17.315
4.8946,202.16,210.21,5.0909,17.274
4.9145,202.14,210.21,5.1121,17.232
4.9344,202.11,210.21,5.1333,17.191
4.9544,202.09,210.21,5.1546,17.15
4.9744,202.06,210.21,5.1759,17.108
4.9944,202.04,210.21,5.1973,17.067
5.0145,202.01,210.21,5.2187,17.025
5.0346,201.99,210.21,5.2402,16.984
5.0548,201.96,210.21,5.2617,16.943
5.0751,201.94,210.21,5.2833,16.901
5.0953,201.92,210.21,5.3049,16.86
5.1156,201.89,210.21,5.3266,16.818
5.136,201.87,210.21,5.3483,16.777
5.1564,201.84,210.21,5.3701,16.735
5.1769,201.82,210.21,5.3919,16.693
5.1974,201.79,210.21,5.4138,16.652
5.2179,201.77,210.21,5.4357,16.61
5.2385,201.74,210.21,5.4577,16.569
5.2591,201.72,210.21,5.4797,16.527
5.2798,201.7,210.21,5.5018,16.486
5.3005,201.67,210.21,5.5239,16.444
5.3213,201.65,210.21,5.5461,16.402
5.3421,201.62,210.21,5.5683,16.361
5.3629,201.6,210.21,5.5906,16.319
5.3838,201.57,210.21,5.6129,16.278
5.4048,201.55,210.21,5.6353,16.236
5.4258,201.52,210.21,5.6577,16.194
5.4468,201.5,210.21,5.6802,16.153
5.4679,201.48,210.21,5.7027,16.111
5.489,201.45,210.21,5.7253,16.069
5.5102,201.43,210.21,5.7479,16.028
5.5314,201.4,210.21,5.7706,15.986
5.5527,201.38,210.21,5.7933,15.945
5.574,201.35,210.21,5.8161,15.903
5.5953,201.33,210.2,5.839,15.861
5.6167,201.3,210.2,5.8618,15.82
5.6382,201.28,210.2,5.8848,15.778
5.6597,201.26,210.2,5.9078,15.736
5.6812,201.23,210.2,5.9308,15.695
5.7028,201.21,210.2,5.9539,15.653
5.7244,201.18,210.2,5.977,15.611
5.7461,201.16,210.2,6.0002,15.57
5.7678,201.13,210.2,6.0234,15.528
5.7895,201.11,210.2,6.0467,15.486
5.8113,201.09,210.2,6.07,15.445
5.8332,201.06,210.2,6.0934,15.403
5.8551,201.04,210.2,6.1169,15.361
5.877,201.01,210.2,6.1404,15.32
5.899,200.99,210.2,6.1639,15.278
5.921,200.97,210.2,6.1875,15.236
5.9431,200.94,210.2,6.2111,15.195
5.9652,200.92,210.2,6.2348,15.153
5.9874,200.89,210.2,6.2585,15.111
6.0096,200.87,210.2,6.2823,15.07
6.0318,200.84,210.2,6.3062,15.028
6.0541,200.82,210.2,6.3301,14.987
6.0765,200.8,210.2,6.354,14.945
6.0988,200.77,210.2,6.378,14.903
6.1213,200.75,210.2,6.402,14.862
6.1438,200.72,210.2,6.4261,14.82
6.1663,200.7,210.19,6.4503,14.779
6.1888,200.68,210.19,6.4745,14.737
6.2114,200.65,210.19,6.4987,14.696
6.2341,200.63,210.19,6.523,14.654
6.2568,200.61,210.19,6.5473,14.613
6.2795,200.58,210.19,6.5717,14.571
6.3023,200.56,210.19,6.5962,14.53
6.3252,200.53,210.19,6.6207,14.488
6.3481,200.51,210.19,6.6452,14.447
6.371,200.49,210.19,6.6698,14.405
6.3939,200.46,210.19,6.6944,14.364
6.417,200.44,210.19,6.7191,14.322
6.44,200.42,210.19,6.7439,14.281
6.4631,200.39,210.19,6.7687,14.24
6.4863,200.37,210.19,6.7935,14.198
6.5095,200.34,210.19,6.8184,14.157
6.5327,200.32,210.18,6.8434,14.116
6.556,200.3,210.18,6.8683,14.074
6.5793,200.27,210.18,6.8934,14.033
6.6027,200.25,210.18,6.9185,13.992
6.6261,200.23,210.18,6.9436,13.95
6.6495,200.2,210.18,6.9688,13.909
6.673,200.18,210.18,6.9941,13.868
6.6966,200.16,210.18,7.0194,13.827
6.7202,200.13,210.18,7.0447,13.785
6.7438,200.11,210.18,7.0701,13.744
6.7675,200.09,210.18,7.0955,13.703
6.7912,200.06,210.18,7.121,13.662
6.815,200.04,210.18,7.1466,13.621
6.8388,200.02,210.17,7.1722,13.58
6.8627,199.99,210.17,7.1978,13.539
6.8866,199.97,210.17,7.2235,13.498
6.9105,199.95,210.17,7.2492,13.457
6.9345,199.93,210.17,7.275,13.416
6.9586,199.9,210.17,7.3009,13.375
6.9826,199.88,210.17,7.3268,13.334
7.0068,199.86,210.17,7.3527,13.293
7.0309,199.83,210.17,7.3787,13.252
7.0551,199.81,210.17,7.4047,13.211
7.0794,199.79,210.17,7.4308,13.17
7.1037,199.77,210.16,7.4569,13.129
7.128,199.74,210.16,7.4831,13.089
7.1524,199.72,210.16,7.5094,13.048
7.1769,199.7,210.16,7.5357,13.007
7.2013,199.67,210.16,7.562,12.967
7.2259,199.65,210.16,7.5884,12.926
7.2504,199.63,210.16,7.6148,12.885
7.275,199.61,210.16,7.6413,12.845
7.2997,199.58,210.16,7.6678,12.804
7.3244,199.56,210.15,7.6944,12.763
7.3491,199.54,210.15,7.721,12.723
7.3739,199.52,210.15,7.7477,12.683
7.3987,199.49,210.15,7.7744,12.642
7.4236,199.47,210.15,7.8012,12.602
7.4485,199.45,210.15,7.828,12.561
7.4735,199.43,210.15,7.8549,12.521
7.4985,199.41,210.15,7.8818,12.481
7.5235,199.38,210.14,7.9088,12.44
7.5486,199.36,210.14,7.9358,12.4
7.5737,199.34,210.14,7.9629,12.36
7.5989,199.32,210.14,7.99,12.32
7.6241,199.3,210.14,8.0172,12.28
7.6494,199.27,210.14,8.0444,12.24
7.6747,199.25,210.14,8.0717,12.199
7.7001,199.23,210.13,8.099,12.159
7.7254,199.21,210.13,8.1263,12.12
7.7509,199.19,210.13,8.1538,12.08
7.7764,199.16,210.13,8.1812,12.04
7.8019,199.14,210.13,8.2087,12
7.8274,199.12,210.13,8.2363,11.96
7.853,199.1,210.13,8.2639,11.92
7.8787,199.08,210.12,8.2915,11.88
7.9044,199.06,210.12,8.3192,11.841
7.9301,199.03,210.12,8.347,11.801
7.9559,199.01,210.12,8.3748,11.762
7.9817,198.99,210.12,8.4026,11.722
8.0076,198.97,210.12,8.4305,11.682
8.0335,198.95,210.12,8.4585,11.643
8.0594,198.93,210.11,8.4864,11.604
8.0854,198.91,210.11,8.5145,11.564
8.1115,198.89,210.11,8.5426,11.525
8.1375,198.87,210.11,8.5707,11.486
8.1636,198.84,210.11,8.5989,11.446
8.1898,198.82,210.11,8.6271,11.407
8.216,198.8,210.1,8.6554,11.368
8.2423,198.78,210.1,8.6837,11.329
8.2685,198.76,210.1,8.7121,11.29
8.2949,198.74,210.1,8.7405,11.251
8.3212,198.72,210.1,8.7689,11.212
8.3476,198.7,210.09,8.7975,11.173
8.3741,198.68,210.09,8.826,11.134
8.4006,198.66,210.09,8.8546,11.095
8.4271,198.64,210.09,8.8833,11.056
8.4537,198.62,210.09,8.912,11.018
8.4803,198.6,210.09,8.9407,10.979
8.507,198.58,210.08,8.9695,10.941
8.5337,198.56,210.08,8.9984,10.902
8.5604,198.54,210.08,9.0272,10.863
8.5872,198.52,210.08,9.0562,10.825
8.614,198.5,210.08,9.0852,10.787
8.6409,198.48,210.07,9.1142,10.748
8.6678,198.46,210.07,9.1433,10.71
8.6948,198.44,210.07,9.1724,10.672
8.7218,198.42,210.07,9.2015,10.634
8.7488,198.4,210.06,9.2308,10.596
8.7759,198.38,210.06,9.26,10.557
8.803,198.36,210.06,9.2893,10.519
8.8301,198.34,210.06,9.3187,10.481
8.8573,198.32,210.06,9.3481,10.444
8.8846,198.3,210.05,9.3775,10.406
8.9118,198.28,210.05,9.407,10.368
8.9392,198.26,210.05,9.4365,10.33
8.9665,198.24,210.05,9.4661,10.293
8.9939,198.22,210.04,9.4957,10.255
9.0213,198.2,210.04,9.5254,10.218
9.0488,198.18,210.04,9.5551,10.18
9.0763,198.16,210.04,9.5849,10.143
9.1039,198.14,210.04,9.6147,10.105
9.1315,198.13,210.03,9.6445,10.068
9.1591,198.11,210.03,9.6744,10.031
9.1868,198.09,210.03,9.7044,9.9936
9.2145,198.07,210.03,9.7344,9.9565
9.2423,198.05,210.02,9.7644,9.9195
9.2701,198.03,210.02,9.7945,9.8825
9.2979,198.01,210.02,9.8246,9.8456
9.3258,197.99,210.02,9.8548,9.8088
9.3537,197.98,210.01,9.885,9.772
9.3816,197.96,210.01,9.9152,9.7353
9.4096,197.94,210.01,9.9455,9.6987
9.4377,197.92,210.01,9.9759,9.6621
9.4657,197.9,210,10.006,9.6256
9.4938,197.89,210,10.037,9.5891
9.522,197.87,210,10.067,9.5528
9.5502,197.85,209.99,10.098,9.5165
9.5784,197.83,209.99,10.128,9.4802
9.6066,197.81,209.99,10.159,9.4441
9.6349,197.8,209.99,10.19,9.408
9.6633,197.78,209.98,10.22,9.3719
9.6916,197.76,209.98,10.251,9.336
9.7201,197.74,209.98,10.282,9.3001
9.7485,197.73,209.98,10.313,9.2643
9.777,197.71,209.97,10.343,9.2285
9.8055,197.69,209.97,10.374,9.1929
9.8341,197.67,209.97,10.405,9.1573
9.8627,197.66,209.96,10.436,9.1217
9.8913,197.64,209.96,10.467,9.0863
9.92,197.62,209.96,10.498,9.0509
9.9487,197.61,209.95,10.53,9.0156
9.9775,197.59,209.95,10.561,8.9804
10.006,197.57,209.95,10.592,8.9452
10.035,197.56,209.95,10.623,8.9102
10.064,197.54,209.94,10.654,8.8751
10.093,197.52,209.94,10.686,8.8402
10.122,197.51,209.94,10.717,8.8054
10.151,197.49,209.93,10.749,8.7706
10.18,197.47,209.93,10.78,8.7359
10.209,197.46,209.93,10.812,8.7013
10.238,197.44,209.92,10.843,8.6667
10.267,197.42,209.92,10.875,8.6323
10.296,197.41,209.92,10.906,8.5979
10.325,197.39,209.91,10.938,8.5636
10.355,197.38,209.91,10.97,8.5294
10.384,197.36,209.91,11.002,8.4952
10.413,197.35,209.9,11.033,8.4612
10.442,197.33,209.9,11.065,8.4272
10.472,197.31,209.9,11.097,8.3933
10.501,197.3,209.89,11.129,8.3595
10.531,197.28,209.89,11.161,8.3257
10.56,197.27,209.89,11.193,8.2921
10.59,197.25,209.88,11.225,8.2585
10.619,197.24,209.88,11.257,8.225
10.649,197.22,209.87,11.289,8.1916
10.678,197.21,209.87,11.321,8.1583
10.708,197.19,209.87,11.353,8.125
10.738,197.18,209.86,11.386,8.0919
10.767,197.16,209.86,11.418,8.0588
10.797,197.15,209.86,11.45,8.0258
10.827,197.13,209.85,11.483,7.9929
10.857,197.12,209.85,11.515,7.9601
10.886,197.11,209.84,11.547,7.9274
10.916,197.09,209.84,11.58,7.8948
10.946,197.08,209.84,11.612,7.8622
10.976,197.06,209.83,11.645,7.8298
11.006,197.05,209.83,11.678,7.7974
11.036,197.04,209.82,11.71,7.7651
11.066,197.02,209.82,11.743,7.7329
11.096,197.01,209.82,11.776,7.7008
11.126,196.99,209.81,11.808,7.6688
11.156,196.98,209.81,11.841,7.6369
11.187,196.97,209.8,11.874,7.605
11.217,196.95,209.8,11.907,7.5733
11.247,196.94,209.8,11.94,7.5416
11.277,196.93,209.79,11.973,7.5101
11.308,196.91,209.79,12.006,7.4786
11.338,196.9,209.78,12.039,7.4472
11.368,196.89,209.78,12.072,7.4159
11.399,196.87,209.78,12.105,7.3847
11.429,196.86,209.77,12.138,7.3536
11.459,196.85,209.77,12.171,7.3226
11.49,196.84,209.76,12.204,7.2917
11.52,196.82,209.76,12.237,7.2609
11.551,196.81,209.75,12.271,7.2302
11.582,196.8,209.75,12.304,7.1995
11.612,196.79,209.74,12.337,7.169
11.643,196.78,209.74,12.371,7.1385
11.673,196.76,209.74,12.404,7.1082
11.704,196.75,209.73,12.437,7.078
11.735,196.74,209.73,12.471,7.0478
11.766,196.73,209.72,12.504,7.0177
11.796,196.72,209.72,12.538,6.9878
11.827,196.7,209.71,12.571,6.9579
11.858,196.69,209.71,12.605,6.9282
11.889,196.68,209.7,12.639,6.8985
11.92,196.67,209.7,12.672,6.8689
11.951,196.66,209.69,12.706,6.8395
11.982,196.65,209.69,12.74,6.8101
12.012,196.64,209.68,12.774,6.7808
12.043,196.63,209.68,12.807,6.7517
12.075,196.61,209.67,12.841,6.7226
12.106,196.6,209.67,12.875,6.6936
12.137,196.59,209.66,12.909,6.6648
12.168,196.58,209.66,12.943,6.636
12.199,196.57,209.65,12.977,6.6073
12.23,196.56,209.65,13.011,6.5788
12.261,196.55,209.64,13.045,6.5503
12.292,196.54,209.64,13.079,6.522
12.324,196.53,209.63,13.113,6.4937
12.355,196.52,209.63,13.147,6.4655
12.386,196.51,209.62,13.181,6.4375
12.418,196.5,209.62,13.216,6.4096
12.449,196.49,209.61,13.25,6.3817
12.48,196.48,209.61,13.284,6.354
12.512,196.47,209.6,13.318,6.3263
12.543,196.46,209.6,13.353,6.2988
12.574,196.45,209.59,13.387,6.2714
12.606,196.45,209.59,13.421,6.2441
12.637,196.44,209.58,13.456,6.2169
12.669,196.43,209.58,13.49,6.1897
12.7,196.42,209.57,13.525,6.1627
12.732,196.41,209.56,13.559,6.1359
12.764,196.4,209.56,13.594,6.1091
12.795,196.39,209.55,13.628,6.0824
12.827,196.38,209.55,13.663,6.0558
12.859,196.38,209.54,13.698,6.0294
12.89,196.37,209.54,13.732,6.003
12.922,196.36,209.53,13.767,5.9767
12.954,196.35,209.52,13.802,5.9506
12.985,196.34,209.52,13.836,5.9246
13.017,196.34,209.51,13.871,5.8987
13.049,196.33,209.51,13.906,5.8728
13.081,196.32,209.5,13.941,5.8471
13.113,196.31,209.5,13.976,5.8215
13.144,196.31,209.49,14.01,5.7961
13.176,196.3,209.48,14.045,5.7707
13.208,196.29,209.48,14.08,5.7454
13.24,196.28,209.47,14.115,5.7203
13.272,196.28,209.47,14.15,5.6952
13.304,196.27,209.46,14.185,5.6703
13.336,196.26,209.45,14.22,5.6455
13.368,196.26,209.45,14.255,5.6208
13.4,196.25,209.44,14.29,5.5962
13.432,196.24,209.43,14.325,5.5717
13.464,196.24,209.43,14.361,5.5473
13.496,196.23,209.42,14.396,5.5231
13.528,196.23,209.42,14.431,5.4989
13.56,196.22,209.41,14.466,5.4749
13.592,196.21,209.4,14.501,5.451
13.625,196.21,209.4,14.537,5.4272
13.657,196.2,209.39,14.572,5.4035
13.689,196.2,209.38,14.607,5.3799
13.721,196.19,209.38,14.643,5.3565
13.753,196.19,209.37,14.678,5.3331
13.786,196.18,209.36,14.713,5.3099
13.818,196.18,209.36,14.749,5.2868
13.85,196.17,209.35,14.784,5.2638
13.882,196.17,209.34,14.82,5.2409
13.915,196.16,209.34,14.855,5.2182
13.947,196.16,209.33,14.891,5.1955
13.979,196.15,209.32,14.926,5.173
14.012,196.15,209.32,14.962,5.1506
14.044,196.14,209.31,14.997,5.1283
14.077,196.14,209.3,15.033,5.1061
14.109,196.13,209.3,15.068,5.084
14.141,196.13,209.29,15.104,5.0621
14.174,196.13,209.28,15.14,5.0402
14.206,196.12,209.28,15.175,5.0185
14.239,196.12,209.27,15.211,4.9969
14.271,196.11,209.26,15.247,4.9754
14.304,196.11,209.25,15.282,4.9541
14.336,196.11,209.25,15.318,4.9328
14.369,196.1,209.24,15.354,4.9117
14.401,196.1,209.23,15.39,4.8907
14.434,196.1,209.23,15.426,4.8698
14.466,196.1,209.22,15.461,4.8491
14.499,196.09,209.21,15.497,4.8284
14.531,196.09,209.2,15.533,4.8079
14.564,196.09,209.2,15.569,4.7875
14.597,196.08,209.19,15.605,4.7672
14.629,196.08,209.18,15.641,4.747
14.662,196.08,209.17,15.677,4.727
14.695,196.08,209.17,15.713,4.7071
14.727,196.08,209.16,15.749,4.6873
14.76,196.07,209.15,15.785,4.6676
14.793,196.07,209.14,15.821,4.648
14.825,196.07,209.14,15.857,4.6286
14.858,196.07,209.13,15.893,4.6093
14.891,196.07,209.12,15.929,4.5901
14.923,196.07,209.11,15.965,4.571
14.956,196.07,209.11,16.001,4.552
14.989,196.06,209.1,16.037,4.5332
15.022,196.06,209.09,16.073,4.5145
15.054,196.06,209.08,16.109,4.4959
15.087,196.06,209.07,16.145,4.4774
15.12,196.06,209.07,16.182,4.4591
15.153,196.06,209.06,16.218,4.4409
15.185,196.06,209.05,16.254,4.4228
15.218,196.06,209.04,16.29,4.4048
15.251,196.06,209.03,16.326,4.387
15.284,196.06,209.03,16.363,4.3692
15.317,196.06,209.02,16.399,4.3516
15.349,196.06,209.01,16.435,4.3341
15.382,196.06,209,16.471,4.3168
15.415,196.06,208.99,16.508,4.2995
15.448,196.06,208.99,16.544,4.2824
15.481,196.06,208.98,16.58,4.2654
15.514,196.06,208.97,16.617,4.2486
15.547,196.06,208.96,16.653,4.2318
15.579,196.06,208.95,16.689,4.2152
15.612,196.06,208.94,16.726,4.1987
15.645,196.07,208.94,16.762,4.1824
15.678,196.07,208.93,16.798,4.1661
15.711,196.07,208.92,16.835,4.15
15.744,196.07,208.91,16.871,4.134
15.777,196.07,208.9,16.908,4.1182
15.81,196.07,208.89,16.944,4.1024
15.843,196.08,208.88,16.981,4.0868
15.876,196.08,208.88,17.017,4.0713
15.908,196.08,208.87,17.053,4.0559
15.941,196.08,208.86,17.09,4.0407
15.974,196.08,208.85,17.126,4.0256
16.007,196.09,208.84,17.163,4.0106
16.04,196.09,208.83,17.199,3.9957
16.073,196.09,208.82,17.236,3.981
16.106,196.1,208.81,17.272,3.9664
16.139,196.1,208.8,17.309,3.9519
16.172,196.1,208.8,17.345,3.9375
16.205,196.1,208.79,17.382,3.9233
16.238,196.11,208.78,17.418,3.9092
16.271,196.11,208.77,17.455,3.8952
16.304,196.11,208.76,17.491,3.8813
16.336,196.12,208.75,17.528,3.8676
16.369,196.12,208.74,17.565,3.854
16.402,196.13,208.73,17.601,3.8405
16.435,196.13,208.72,17.638,3.8272
16.468,196.13,208.71,17.674,3.8139
16.501,196.14,208.7,17.711,3.8008
16.534,196.14,208.69,17.747,3.7879
16.567,196.15,208.68,17.784,3.775
16.6,196.15,208.67,17.821,3.7623
16.633,196.16,208.67,17.857,3.7497
16.666,196.16,208.66,17.894,3.7372
16.699,196.17,208.65,17.93,3.7249
16.732,196.17,208.64,17.967,3.7127
16.765,196.18,208.63,18.003,3.7006
16.798,196.18,208.62,18.04,3.6886
16.83,196.19,208.61,18.077,3.6768
16.863,196.19,208.6,18.113,3.6651
16.896,196.2,208.59,18.15,3.6535
16.929,196.2,208.58,18.187,3.642
16.962,196.21,208.57,18.223,3.6307
16.995,196.22,208.56,18.26,3.6195
17.028,196.22,208.55,18.296,3.6084
17.061,196.23,208.54,18.333,3.5975
17.094,196.23,208.53,18.37,3.5866
17.127,196.24,208.52,18.406,3.576
17.159,196.25,208.51,18.443,3.5654
17.192,196.25,208.5,18.479,3.5549
17.225,196.26,208.49,18.516,3.5446
17.258,196.27,208.48,18.553,3.5344
17.291,196.28,208.47,18.589,3.5244
17.324,196.28,208.46,18.626,3.5144
17.356,196.29,208.45,18.663,3.5046
17.389,196.3,208.44,18.699,3.4949
17.422,196.3,208.43,18.736,3.4854
17.455,196.31,208.42,18.772,3.476
17.488,196.32,208.41,18.809,3.4666
17.521,196.33,208.4,18.846,3.4575
17.553,196.34,208.39,18.882,3.4484
17.586,196.34,208.38,18.919,3.4395
17.619,196.35,208.36,18.955,3.4307
17.652,196.36,208.35,18.992,3.422
17.684,196.37,208.34,19.029,3.4135
17.717,196.38,208.33,19.065,3.4051
17.75,196.39,208.32,19.102,3.3968
17.783,196.39,208.31,19.138,3.3886
17.815,196.4,208.3,19.175,3.3806
17.848,196.41,208.29,19.211,3.3726
17.881,196.42,208.28,19.248,3.3649
17.914,196.43,208.27,19.284,3.3572
17.946,196.44,208.26,19.321,3.3496
17.979,196.45,208.25,19.358,3.3422
18.012,196.46,208.24,19.394,3.335
18.044,196.47,208.23,19.431,3.3278
18.077,196.48,208.21,19.467,3.3208
18.109,196.49,208.2,19.504,3.3138
18.142,196.5,208.19,19.54,3.3071
18.175,196.51,208.18,19.577,3.3004
18.207,196.52,208.17,19.613,3.2939
18.24,196.53,208.16,19.65,3.2875
18.272,196.54,208.15,19.686,3.2812
18.305,196.55,208.14,19.722,3.275
18.337,196.56,208.13,19.759,3.269
18.37,196.57,208.11,19.795,3.2631
18.403,196.58,208.1,19.832,3.2573
18.435,196.59,208.09,19.868,3.2516
18.468,196.61,208.08,19.905,3.2461
18.5,196.62,208.07,19.941,3.2407
18.532,196.63,208.06,19.977,3.2354
18.565,196.64,208.05,20.014,3.2302
18.597,196.65,208.03,20.05,3.2252
18.63,196.66,208.02,20.086,3.2203
18.662,196.68,208.01,20.123,3.2155
18.695,196.69,208,20.159,3.2108
18.727,196.7,207.99,20.195,3.2063
18.759,196.71,207.98,20.232,3.2018
18.792,196.72,207.96,20.268,3.1975
18.824,196.74,207.95,20.304,3.1934
18.856,196.75,207.94,20.341,3.1893
18.889,196.76,207.93,20.377,3.1854
18.921,196.77,207.92,20.413,3.1816
18.953,196.79,207.91,20.449,3.1779
18.985,196.8,207.89,20.486,3.1743
19.017,196.81,207.88,20.522,3.1709
19.05,196.83,207.87,20.558,3.1676
19.082,196.84,207.86,20.594,3.1644
19.114,196.85,207.85,20.63,3.1613
19.146,196.87,207.83,20.666,3.1584
19.178,196.88,207.82,20.702,3.1555
19.21,196.89,207.81,20.739,3.1528
19.243,196.91,207.8,20.775,3.1502
19.275,196.92,207.79,20.811,3.1478
19.307,196.94,207.77,20.847,3.1454
19.339,196.95,207.76,20.883,3.1432
19.371,196.96,207.75,20.919,3.1411
19.403,196.98,207.74,20.955,3.1391
19.435,196.99,207.72,20.991,3.1373
19.467,197.01,207.71,21.027,3.1355
19.499,197.02,207.7,21.063,3.1339
19.531,197.04,207.69,21.099,3.1324
19.562,197.05,207.68,21.135,3.131
19.594,197.07,207.66,21.171,3.1297
19.626,197.08,207.65,21.206,3.1286
19.658,197.1,207.64,21.242,3.1276
19.69,197.11,207.63,21.278,3.1267
19.722,197.13,207.61,21.314,3.1259
19.753,197.14,207.6,21.35,3.1252
19.785,197.16,207.59,21.386,3.1247
19.817,197.18,207.57,21.421,3.1242
19.849,197.19,207.56,21.457,3.1239
19.88,197.21,207.55,21.493,3.1237
19.912,197.22,207.54,21.528,3.1236
19.944,197.24,207.52,21.564,3.1237
19.975,197.26,207.51,21.6,3.1238
20.007,197.27,207.5,21.635,3.1241
20.038,197.29,207.49,21.671,3.1245
20.07,197.31,207.47,21.707,3.125
20.101,197.32,207.46,21.742,3.1256
20.133,197.34,207.45,21.778,3.1263
20.164,197.36,207.43,21.813,3.1272
20.196,197.37,207.42,21.849,3.1282
20.227,197.39,207.41,21.884,3.1292
20.259,197.41,207.39,21.92,3.1304
20.29,197.43,207.38,21.955,3.1318
20.321,197.44,207.37,21.991,3.1332
20.353,197.46,207.36,22.026,3.1347
20.384,197.48,207.34,22.061,3.1364
20.415,197.5,207.33,22.097,3.1382
20.447,197.51,207.32,22.132,3.14
20.478,197.53,207.3,22.167,3.142
20.509,197.55,207.29,22.202,3.1441
20.54,197.57,207.28,22.238,3.1464
20.571,197.59,207.26,22.273,3.1487
20.602,197.6,207.25,22.308,3.1511
20.634,197.62,207.24,22.343,3.1537
20.665,197.64,207.22,22.378,3.1564
20.696,197.66,207.21,22.413,3.1592
20.727,197.68,207.2,22.448,3.1621
20.758,197.7,207.18,22.483,3.1651
20.789,197.72,207.17,22.518,3.1682
20.82,197.74,207.16,22.553,3.1714
20.851,197.76,207.14,22.588,3.1747
20.881,197.77,207.13,22.623,3.1782
20.912,197.79,207.11,22.658,3.1818
20.943,197.81,207.1,22.693,3.1854
20.974,197.83,207.09,22.728,3.1892
21.005,197.85,207.07,22.763,3.1931
21.035,197.87,207.06,22.798,3.1971
21.066,197.89,207.05,22.832,3.2012
21.097,197.91,207.03,22.867,3.2054
21.128,197.93,207.02,22.902,3.2097
21.158,197.95,207.01,22.936,3.2141
21.189,197.97,206.99,22.971,3.2187
21.219,197.99,206.98,23.006,3.2233
21.25,198.01,206.96,23.04,3.2281
21.28,198.03,206.95,23.075,3.2329
21.311,198.05,206.94,23.109,3.2379
21.341,198.07,206.92,23.144,3.2429
21.372,198.09,206.91,23.178,3.2481
21.402,198.12,206.89,23.213,3.2534
21.433,198.14,206.88,23.247,3.2588
21.463,198.16,206.87,23.281,3.2643
21.493,198.18,206.85,23.316,3.2699
21.523,198.2,206.84,23.35,3.2756
21.554,198.22,206.82,23.384,3.2814
21.584,198.24,206.81,23.418,3.2873
21.614,198.26,206.8,23.453,3.2933
21.644,198.28,206.78,23.487,3.2994
21.674,198.31,206.77,23.521,3.3056
21.705,198.33,206.75,23.555,3.3119
21.735,198.35,206.74,23.589,3.3183
21.765,198.37,206.72,23.623,3.3248
21.795,198.39,206.71,23.657,3.3314
21.825,198.42,206.7,23.691,3.3382
21.855,198.44,206.68,23.725,3.345
21.884,198.46,206.67,23.759,3.3519
21.914,198.48,206.65,23.792,3.3589
21.944,198.5,206.64,23.826,3.366
21.974,198.53,206.62,23.86,3.3733
22.004,198.55,206.61,23.894,3.3806
22.033,198.57,206.6,23.927,3.388
22.063,198.6,206.58,23.961,3.3955
22.093,198.62,206.57,23.995,3.4031
22.122,198.64,206.55,24.028,3.4108
22.152,198.66,206.54,24.062,3.4186
22.182,198.69,206.52,24.095,3.4265
22.211,198.71,206.51,24.129,3.4345
22.241,198.73,206.49,24.162,3.4426
22.27,198.76,206.48,24.196,3.4508
22.3,198.78,206.46,24.229,3.4591
22.329,198.8,206.45,24.262,3.4675
22.358,198.83,206.44,24.296,3.476
22.388,198.85,206.42,24.329,3.4846
22.417,198.87,206.41,24.362,3.4932
22.446,198.9,206.39,24.395,3.502
22.476,198.92,206.38,24.428,3.5109
22.505,198.95,206.36,24.461,3.5198
22.534,198.97,206.35,24.494,3.5288
22.563,198.99,206.33,24.527,3.538
22.592,199.02,206.32,24.56,3.5472
22.621,199.04,206.3,24.593,3.5565
22.65,199.07,206.29,24.626,3.5659
22.679,199.09,206.27,24.659,3.5754
22.708,199.11,206.26,24.692,3.585
22.737,199.14,206.24,24.725,3.5947
22.766,199.16,206.23,24.757,3.6045
22.795,199.19,206.21,24.79,3.6143
22.824,199.21,206.2,24.823,3.6243
22.853,199.24,206.18,24.855,3.6343
22.881,199.26,206.17,24.888,3.6445
22.91,199.29,206.15,24.92,3.6547
22.939,199.31,206.14,24.953,3.665
22.968,199.34,206.12,24.985,3.6754
22.996,199.36,206.11,25.018,3.6858
23.025,199.39,206.09,25.05,3.6964
23.053,199.41,206.08,25.082,3.707
23.082,199.44,206.06,25.114,3.7178
23.11,199.46,206.05,25.147,3.7286
23.139,199.49,206.03,25.179,3.7395
23.167,199.51,206.02,25.211,3.7505
23.195,199.54,206,25.243,3.7616
23.224,199.57,205.99,25.275,3.7727
23.252,199.59,205.97,25.307,3.784
23.28,199.62,205.96,25.339,3.7953
23.309,199.64,205.94,25.371,3.8067
23.337,199.67,205.93,25.403,3.8182
23.365,199.7,205.91,25.435,3.8298
23.393,199.72,205.9,25.466,3.8414
23.421,199.75,205.88,25.498,3.8532
23.449,199.77,205.87,25.53,3.865
23.477,199.8,205.85,25.561,3.8769
23.505,199.83,205.84,25.593,3.8888
23.533,199.85,205.82,25.624,3.9009
23.561,199.88,205.81,25.656,3.913
23.589,199.91,205.79,25.687,3.9253
23.617,199.93,205.77,25.719,3.9375
23.644,199.96,205.76,25.75,3.9499
23.672,199.99,205.74,25.781,3.9624
23.7,200.01,205.73,25.813,3.9749
23.727,200.04,205.71,25.844,3.9875
23.755,200.07,205.7,25.875,4.0002
23.783,200.09,205.68,25.906,4.0129
23.81,200.12,205.67,25.937,4.0257
23.838,200.15,205.65,25.968,4.0387
23.865,200.17,205.64,25.999,4.0516
23.893,200.2,205.62,26.03,4.0647
23.92,200.23,205.61,26.061,4.0778
23.947,200.26,205.59,26.092,4.091
23.975,200.28,205.57,26.123,4.1043
24.002,200.31,205.56,26.153,4.1176
24.029,200.34,205.54,26.184,4.1311
24.056,200.36,205.53,26.215,4.1445
24.084,200.39,205.51,26.245,4.1581
24.111,200.42,205.5,26.276,4.1717
24.138,200.45,205.48,26.306,4.1854
24.165,200.48,205.47,26.337,4.1992
24.192,200.5,205.45,26.367,4.2131
24.219,200.53,205.44,26.398,4.227
24.246,200.56,205.42,26.428,4.241
24.273,200.59,205.4,26.458,4.255
24.299,200.61,205.39,26.488,4.2691
24.326,200.64,205.37,26.518,4.2833
24.353,200.67,205.36,26.548,4.2976
24.38,200.7,205.34,26.579,4.3119
24.407,200.73,205.33,26.609,4.3263
24.433,200.75,205.31,26.638,4.3407
24.46,200.78,205.3,26.668,4.3553
24.486,200.81,205.28,26.698,4.3698
24.513,200.84,205.26,26.728,4.3845
24.539,200.87,205.25,26.758,4.3992
24.566,200.9,205.23,26.787,4.414
24.592,200.92,205.22,26.817,4.4288
24.619,200.95,205.2,26.847,4.4437
24.645,200.98,205.19,26.876,4.4587
24.671,201.01,205.17,26.906,4.4737
24.698,201.04,205.15,26.935,4.4888
24.724,201.07,205.14,26.964,4.504
24.75,201.1,205.12,26.994,4.5192
24.776,201.12,205.11,27.023,4.5345
24.802,201.15,205.09,27.052,4.5498
24.828,201.18,205.08,27.081,4.5652
24.854,201.21,205.06,27.111,4.5807
24.88,201.24,205.04,27.14,4.5962
24.906,201.27,205.03,27.169,4.6117
24.932,201.3,205.01,27.198,4.6274
24.958,201.33,205,27.226,4.6431
24.984,201.35,204.98,27.255,4.6588
25.01,201.38,204.97,27.284,4.6746
25.035,201.41,204.95,27.313,4.6905
25.061,201.44,204.94,27.342,4.7064
25.087,201.47,204.92,27.37,4.7223
25.112,201.5,204.9,27.399,4.7384
25.138,201.53,204.89,27.427,4.7544
25.163,201.56,204.87,27.456,4.7706
25.189,201.59,204.86,27.484,4.7867
25.214,201.62,204.84,27.513,4.803
25.24,201.65,204.83,27.541,4.8193
25.265,201.68,204.81,27.569,4.8356
25.291,201.71,204.79,27.597,4.852
25.316,201.74,204.78,27.625,4.8685
25.341,201.76,204.76,27.654,4.885
25.366,201.79,204.75,27.682,4.9015
25.392,201.82,204.73,27.71,4.9181
25.417,201.85,204.72,27.737,4.9348
25.442,201.88,204.7,27.765,4.9515
25.467,201.91,204.68,27.793,4.9682
25.492,201.94,204.67,27.821,4.985
25.517,201.97,204.65,27.849,5.0018
25.542,202,204.64,27.876,5.0187
25.567,202.03,204.62,27.904,5.0357
25.591,202.06,204.61,27.931,5.0527
25.616,202.09,204.59,27.959,5.0697
25.641,202.12,204.57,27.986,5.0868
25.666,202.15,204.56,28.014,5.1039
25.69,202.18,204.54,28.041,5.1211
25.715,202.21,204.53,28.068,5.1383
25.74,202.24,204.51,28.095,5.1555
25.764,202.27,204.5,28.123,5.1728
25.789,202.3,204.48,28.15,5.1902
25.813,202.33,204.46,28.177,5.2076
25.838,202.36,204.45,28.204,5.225
25.862,202.39,204.43,28.231,5.2425
25.886,202.42,204.42,28.257,5.26
25.911,202.45,204.4,28.284,5.2775
25.935,202.48,204.39,28.311,5.2951
25.959,202.51,204.37,28.338,5.3127
25.983,202.54,204.35,28.364,5.3304
26.007,202.57,204.34,28.391,5.3481
26.032,202.6,204.32,28.417,5.3659
26.056,202.63,204.31,28.444,5.3837
26.08,202.66,204.29,28.47,5.4015
26.104,202.69,204.28,28.497,5.4194
26.128,202.72,204.26,28.523,5.4373
26.151,202.75,204.25,28.549,5.4552
26.175,202.78,204.23,28.575,5.4732
26.199,202.81,204.21,28.602,5.4912
26.223,202.84,204.2,28.628,5.5093
26.247,202.87,204.18,28.654,5.5273
26.27,202.9,204.17,28.68,5.5455
26.294,202.93,204.15,28.705,5.5636
26.317,202.96,204.14,28.731,5.5818
26.341,202.99,204.12,28.757,5.6
26.365,203.02,204.11,28.783,5.6183
26.388,203.05,204.09,28.808,5.6365
26.411,203.08,204.07,28.834,5.6549
26.435,203.11,204.06,28.86,5.6732
26.458,203.14,204.04,28.885,5.6916
26.481,203.17,204.03,28.91,5.71
26.505,203.2,204.01,28.936,5.7284
26.528,203.23,204,28.961,5.7469
26.551,203.26,203.98,28.986,5.7654
26.574,203.3,203.97,29.012,5.7839
26.597,203.33,203.95,29.037,5.8025
26.62,203.36,203.93,29.062,5.8211
26.643,203.39,203.92,29.087,5.8397
26.666,203.42,203.9,29.112,5.8583
26.689,203.45,203.89,29.137,5.877
26.712,203.48,203.87,29.161,5.8957
26.735,203.51,203.86,29.186,5.9144
26.758,203.54,203.84,29.211,5.9332
26.781,203.57,203.83,29.236,5.9519
26.803,203.6,203.81,29.26,5.9707
26.826,203.63,203.8,29.285,5.9895
26.848,203.66,203.78,29.309,6.0084
26.871,203.69,203.77,29.334,6.0272
26.894,203.72,203.75,29.358,6.0461
26.916,203.75,203.73,29.382,6.065
26.939,203.78,203.72,29.407,6.084
26.961,203.81,203.7,29.431,6.1029
26.983,203.84,203.69,29.455,6.1219
27.006,203.87,203.67,29.479,6.1409
27.028,203.9,203.66,29.503,6.1599
27.05,203.93,203.64,29.527,6.179
27.072,203.96,203.63,29.551,6.198
27.094,203.99,203.61,29.575,6.2171
27.117,204.02,203.6,29.598,6.2362
27.139,204.05,203.58,29.622,6.2553
27.161,204.08,203.57,29.646,6.2744
27.183,204.11,203.55,29.669,6.2936
27.205,204.15,203.54,29.693,6.3128
27.226,204.18,203.52,29.716,6.3319
27.248,204.21,203.51,29.74,6.3511
27.27,204.24,203.49,29.763,6.3704
27.292,204.27,203.48,29.786,6.3896
27.314,204.3,203.46,29.81,6.4088
27.335,204.33,203.45,29.833,6.4281
27.357,204.36,203.43,29.856,6.4474
27.378,204.39,203.42,29.879,6.4667
27.4,204.42,203.4,29.902,6.486
27.421,204.45,203.39,29.925,6.5053
27.443,204.48,203.37,29.948,6.5246
27.464,204.51,203.36,29.97,6.544
27.486,204.54,203.34,29.993,6.5633
27.507,204.57,203.33,30.016,6.5827
27.528,204.6,203.31,30.039,6.6021
27.55,204.63,203.3,30.061,6.6214
27.571,204.66,203.28,30.084,6.6408
27.592,204.69,203.27,30.106,6.6602
27.613,204.72,203.25,30.128,6.6797
27.634,204.75,203.24,30.151,6.6991
27.655,204.78,203.22,30.173,6.7185
27.676,204.81,203.21,30.195,6.738
27.697,204.84,203.19,30.217,6.7574
27.718,204.87,203.18,30.239,6.7769
27.739,204.9,203.16,30.261,6.7963
27.76,204.93,203.15,30.283,6.8158
27.78,204.96,203.13,30.305,6.8353
27.801,204.99,203.12,30.327,6.8547
27.822,205.02,203.1,30.349,6.8742
27.842,205.05,203.09,30.371,6.8937
27.863,205.08,203.07,30.392,6.9132
27.883,205.11,203.06,30.414,6.9327
27.904,205.14,203.05,30.435,6.9522
27.924,205.17,203.03,30.457,6.9717
27.945,205.2,203.02,30.478,6.9912
27.965,205.23,203,30.5,7.0108
27.985,205.26,202.99,30.521,7.0303
28.006,205.29,202.97,30.542,7.0498
28.026,205.32,202.96,30.563,7.0693
28.046,205.35,202.94,30.585,7.0888
28.066,205.38,202.93,30.606,7.1084
28.086,205.41,202.91,30.627,7.1279
28.106,205.44,202.9,30.648,7.1474
28.126,205.46,202.89,30.668,7.1669
28.146,205.49,202.87,30.689,7.1864
28.166,205.52,202.86,30.71,7.206
28.186,205.55,202.84,30.731,7.2255
28.206,205.58,202.83,30.751,7.245
28.226,205.61,202.81,30.772,7.2645
28.246,205.64,202.8,30.792,7.284
28.265,205.67,202.79,30.813,7.3035
28.285,205.7,202.77,30.833,7.323
28.304,205.73,202.76,30.854,7.3425
28.324,205.76,202.74,30.874,7.362
28.344,205.79,202.73,30.894,7.3815
28.363,205.82,202.71,30.914,7.401
28.382,205.85,202.7,30.934,7.4205
28.402,205.88,202.69,30.954,7.44
28.421,205.9,202.67,30.974,7.4594
28.44,205.93,202.66,30.994,7.4789
28.46,205.96,202.64,31.014,7.4983
28.479,205.99,202.63,31.034,7.5178
28.498,206.02,202.62,31.054,7.5372
28.517,206.05,202.6,31.073,7.5567
28.536,206.08,202.59,31.093,7.5761
28.555,206.11,202.57,31.112,7.5955
28.574,206.14,202.56,31.132,7.6149
28.593,206.17,202.55,31.151,7.6343
28.612,206.19,202.53,31.171,7.6537
28.631,206.22,202.52,31.19,7.6731
28.65,206.25,202.51,31.209,7.6924
28.668,206.28,202.49,31.228,7.7118
28.687,206.31,202.48,31.247,7.7312
28.706,206.34,202.46,31.267,7.7505
28.724,206.37,202.45,31.286,7.7698
28.743,206.39,202.44,31.304,7.7891
28.762,206.42,202.42,31.323,7.8084
28.78,206.45,202.41,31.342,7.8277
28.798,206.48,202.4,31.361,7.847
28.817,206.51,202.38,31.38,7.8662
28.835,206.54,202.37,31.398,7.8855
28.854,206.56,202.36,31.417,7.9047
28.872,206.59,202.34,31.435,7.9239
28.89,206.62,202.33,31.454,7.9431
28.908,206.65,202.31,31.472,7.9623
28.926,206.68,202.3,31.491,7.9815
28.944,206.71,202.29,31.509,8.0006
28.962,206.73,202.27,31.527,8.0198
28.98,206.76,202.26,31.545,8.0389
28.998,206.79,202.25,31.563,8.058
29.016,206.82,202.23,31.581,8.0771
29.034,206.85,202.22,31.599,8.0962
29.052,206.87,202.21,31.617,8.1152
29.07,206.9,202.19,31.635,8.1342
29.087,206.93,202.18,31.653,8.1533
29.105,206.96,202.17,31.671,8.1723
29.123,206.98,202.16,31.688,8.1912
29.14,207.01,202.14,31.706,8.2102
29.158,207.04,202.13,31.724,8.2291
29.175,207.07,202.12,31.741,8.248
29.193,207.09,202.1,31.759,8.2669
29.21,207.12,202.09,31.776,8.2858
29.227,207.15,202.08,31.793,8.3047
29.245,207.18,202.06,31.811,8.3235
29.262,207.2,202.05,31.828,8.3423
29.279,207.23,202.04,31.845,8.3611
29.296,207.26,202.03,31.862,8.3799
29.313,207.28,202.01,31.879,8.3986
29.33,207.31,202,31.896,8.4173
29.347,207.34,201.99,31.913,8.436
29.364,207.37,201.97,31.93,8.4547
29.381,207.39,201.96,31.947,8.4733
29.398,207.42,201.95,31.963,8.492
29.415,207.45,201.94,31.98,8.5106
29.432,207.47,201.92,31.997,8.5292
29.449,207.5,201.91,32.013,8.5477
29.465,207.53,201.9,32.03,8.5662
29.482,207.55,201.89,32.046,8.5847
29.499,207.58,201.87,32.063,8.6032
29.515,207.61,201.86,32.079,8.6216
29.532,207.63,201.85,32.095,8.6401
29.548,207.66,201.84,32.112,8.6585
29.565,207.68,201.82,32.128,8.6768
29.581,207.71,201.81,32.144,8.6952
29.597,207.74,201.8,32.16,8.7135
29.614,207.76,201.79,32.176,8.7318
29.63,207.79,201.77,32.192,8.75
29.646,207.82,201.76,32.208,8.7682
29.662,207.84,201.75,32.223,8.7864
29.678,207.87,201.74,32.239,8.8046
29.694,207.89,201.73,32.255,8.8227
29.71,207.92,201.71,32.271,8.8409
29.726,207.94,201.7,32.286,8.8589
29.742,207.97,201.69,32.302,8.877
29.758,208,201.68,32.317,8.895
29.774,208.02,201.67,32.333,8.913
29.79,208.05,201.65,32.348,8.9309
29.805,208.07,201.64,32.363,8.9489
29.821,208.1,201.63,32.378,8.9667
29.837,208.12,201.62,32.394,8.9846
29.852,208.15,201.61,32.409,9.0024
29.868,208.17,201.59,32.424,9.0202
29.883,208.2,201.58,32.439,9.038
29.899,208.22,201.57,32.454,9.0557
29.914,208.25,201.56,32.469,9.0734
29.929,208.27,201.55,32.483,9.0911
29.945,208.3,201.54,32.498,9.1087
29.96,208.32,201.52,32.513,9.1263
29.975,208.35,201.51,32.528,9.1439
29.99,208.37,201.5,32.542,9.1614
30.005,208.4,201.49,32.557,9.1789
30.02,208.42,201.48,32.571,9.1963
30.035,208.45,201.47,32.586,9.2138
30.05,208.47,201.46,32.6,9.2311
30.065,208.5,201.44,32.614,9.2485
30.08,208.52,201.43,32.629,9.2658
30.095,208.55,201.42,32.643,9.2831
30.11,208.57,201.41,32.657,9.3003
30.124,208.59,201.4,32.671,9.3175
30.139,208.62,201.39,32.685,9.3347
30.154,208.64,201.38,32.699,9.3518
30.168,208.67,201.37,32.713,9.3689
30.183,208.69,201.35,32.727,9.386
30.197,208.71,201.34,32.741,9.403
30.212,208.74,201.33,32.755,9.4199
30.226,208.76,201.32,32.768,9.4369
30.241,208.79,201.31,32.782,9.4538
30.255,208.81,201.3,32.796,9.4706
30.269,208.83,201.29,32.809,9.4875
30.283,208.86,201.28,32.823,9.5042
30.298,208.88,201.27,32.836,9.521
30.312,208.9,201.26,32.849,9.5377
30.326,208.93,201.25,32.863,9.5544
30.34,208.95,201.23,32.876,9.571
30.354,208.97,201.22,32.889,9.5876
30.368,209,201.21,32.902,9.6041
30.382,209.02,201.2,32.915,9.6206
30.395,209.04,201.19,32.929,9.6371
30.409,209.06,201.18,32.942,9.6535
30.423,209.09,201.17,32.954,9.6699
30.437,209.11,201.16,32.967,9.6862
30.45,209.13,201.15,32.98,9.7025
30.464,209.16,201.14,32.993,9.7187
30.477,209.18,201.13,33.006,9.7349
30.491,209.2,201.12,33.018,9.7511
30.504,209.22,201.11,33.031,9.7672
30.518,209.25,201.1,33.044,9.7833
30.531,209.27,201.09,33.056,9.7994
30.544,209.29,201.08,33.068,9.8153
30.558,209.31,201.07,33.081,9.8313
30.571,209.33,201.06,33.093,9.8472
30.584,209.36,201.05,33.105,9.8631
30.597,209.38,201.04,33.118,9.8789
30.61,209.4,201.03,33.13,9.8947
30.623,209.42,201.02,33.142,9.9104
30.636,209.44,201.01,33.154,9.9261
30.649,209.46,201,33.166,9.9417
30.662,209.49,200.99,33.178,9.9573
30.675,209.51,200.98,33.19,9.9729
30.688,209.53,200.97,33.202,9.9884
30.7,209.55,200.96,33.214,10.004
30.713,209.57,200.95,33.225,10.019
30.726,209.59,200.94,33.237,10.035
30.738,209.61,200.93,33.249,10.05
30.751,209.64,200.92,33.26,10.065
30.763,209.66,200.91,33.272,10.08
30.776,209.68,200.9,33.283,10.096
30.788,209.7,200.89,33.295,10.111
30.8,209.72,200.88,33.306,10.126
30.813,209.74,200.87,33.318,10.141
30.825,209.76,200.86,33.329,10.156
30.837,209.78,200.85,33.34,10.171
30.849,209.8,200.84,33.351,10.186
30.861,209.82,200.83,33.362,10.201
30.874,209.84,200.82,33.373,10.215
30.886,209.86,200.82,33.385,10.23
30.898,209.88,200.81,33.395,10.245
30.909,209.9,200.8,33.406,10.259
30.921,209.92,200.79,33.417,10.274
30.933,209.94,200.78,33.428,10.289
30.945,209.96,200.77,33.439,10.303
30.957,209.98,200.76,33.45,10.318
30.968,210,200.75,33.46,10.332
30.98,210.02,200.74,33.471,10.346
30.992,210.04,200.73,33.481,10.361
31.003,210.06,200.73,33.492,10.375
31.015,210.08,200.72,33.502,10.389
31.026,210.1,200.71,33.513,10.403
31.037,210.12,200.7,33.523,10.418
31.049,210.14,200.69,33.533,10.432
31.06,210.16,200.68,33.544,10.446
31.071,210.18,200.67,33.554,10.46
31.082,210.2,200.66,33.564,10.473
31.094,210.21,200.66,33.574,10.487
31.105,210.23,200.65,33.584,10.501
31.116,210.25,200.64,33.594,10.515
31.127,210.27,200.63,33.604,10.529
31.138,210.29,200.62,33.614,10.542
31.149,210.31,200.61,33.624,10.556
31.16,210.33,200.6,33.634,10.569
31.17,210.35,200.6,33.644,10.583
31.181,210.36,200.59,33.653,10.596
31.192,210.38,200.58,33.663,10.61
31.203,210.4,200.57,33.673,10.623
31.213,210.42,200.56,33.682,10.637
31.224,210.44,200.55,33.692,10.65
31.234,210.45,200.55,33.701,10.663
31.245,210.47,200.54,33.71,10.676
31.255,210.49,200.53,33.72,10.689
31.266,210.51,200.52,33.729,10.702
31.276,210.53,200.51,33.738,10.715
31.286,210.54,200.51,33.748,10.728
31.296,210.56,200.5,33.757,10.741
31.307,210.58,200.49,33.766,10.754
31.317,210.6,200.48,33.775,10.767
31.327,210.61,200.47,33.784,10.779
31.337,210.63,200.47,33.793,10.792
31.347,210.65,200.46,33.802,10.805
31.357,210.66,200.45,33.811,10.817
31.367,210.68,200.44,33.82,10.83
31.377,210.7,200.44,33.828,10.842
31.387,210.71,200.43,33.837,10.855
31.396,210.73,200.42,33.846,10.867
31.406,210.75,200.41,33.855,10.879
31.416,210.76,200.41,33.863,10.892
31.425,210.78,200.4,33.872,10.904
31.435,210.8,200.39,33.88,10.916
31.445,210.81,200.38,33.889,10.928
31.454,210.83,200.38,33.897,10.94
31.463,210.85,200.37,33.905,10.952
31.473,210.86,200.36,33.914,10.964
31.482,210.88,200.35,33.922,10.976
31.491,210.89,200.35,33.93,10.988
31.501,210.91,200.34,33.938,10.999
31.51,210.93,200.33,33.947,11.011
31.519,210.94,200.33,33.955,11.023
31.528,210.96,200.32,33.963,11.034
31.537,210.97,200.31,33.971,11.046
31.546,210.99,200.31,33.979,11.058
31.555,211,200.3,33.986,11.069
31.564,211.02,200.29,33.994,11.08
31.573,211.03,200.28,34.002,11.092
31.582,211.05,200.28,34.01,11.103
31.591,211.07,200.27,34.018,11.114
31.599,211.08,200.26,34.025,11.125
31.608,211.1,200.26,34.033,11.136
31.617,211.11,200.25,34.041,11.148
31.625,211.12,200.24,34.048,11.159
31.634,211.14,200.24,34.056,11.169
31.642,211.15,200.23,34.063,11.18
31.651,211.17,200.22,34.07,11.191
31.659,211.18,200.22,34.078,11.202
31.668,211.2,200.21,34.085,11.213
31.676,211.21,200.2,34.092,11.223
31.684,211.23,200.2,34.1,11.234
31.693,211.24,200.19,34.107,11.245
31.701,211.25,200.19,34.114,11.255
31.709,211.27,200.18,34.121,11.266
31.717,211.28,200.17,34.128,11.276
31.725,211.3,200.17,34.135,11.286
31.733,211.31,200.16,34.142,11.297
31.741,211.32,200.15,34.149,11.307
31.749,211.34,200.15,34.156,11.317
31.757,211.35,200.14,34.163,11.327
31.765,211.36,200.14,34.169,11.337
31.772,211.38,200.13,34.176,11.347
31.78,211.39,200.12,34.183,11.357
31.788,211.4,200.12,34.19,11.367
31.795,211.42,200.11,34.196,11.377
31.803,211.43,200.11,34.203,11.387
31.811,211.44,200.1,34.209,11.397
31.818,211.46,200.1,34.216,11.406
31.825,211.47,200.09,34.222,11.416
31.833,211.48,200.08,34.229,11.425
31.84,211.5,200.08,34.235,11.435
31.848,211.51,200.07,34.241,11.444
31.855,211.52,200.07,34.248,11.454
31.862,211.53,200.06,34.254,11.463
31.869,211.55,200.06,34.26,11.472
31.876,211.56,200.05,34.266,11.482
31.883,211.57,200.04,34.272,11.491
31.891,211.58,200.04,34.278,11.5
31.898,211.59,200.03,34.284,11.509
31.904,211.61,200.03,34.29,11.518
31.911,211.62,200.02,34.296,11.527
31.918,211.63,200.02,34.302,11.536
31.925,211.64,200.01,34.308,11.545
31.932,211.65,200.01,34.314,11.554
31.939,211.67,200,34.32,11.563
31.945,211.68,200,34.325,11.571
31.952,211.69,199.99,34.331,11.58
31.959,211.7,199.99,34.337,11.588
31.965,211.71,199.98,34.342,11.597
31.972,211.72,199.98,34.348,11.605
31.978,211.73,199.97,34.354,11.614
31.985,211.75,199.97,34.359,11.622
31.991,211.76,199.96,34.364,11.631
31.997,211.77,199.96,34.37,11.639
32.004,211.78,199.95,34.375,11.647
32.01,211.79,199.95,34.381,11.655
32.016,211.8,199.94,34.386,11.663
32.022,211.81,199.94,34.391,11.671
32.028,211.82,199.93,34.396,11.679
32.034,211.83,199.93,34.402,11.687
32.041,211.84,199.92,34.407,11.695
32.047,211.85,199.92,34.412,11.703
32.052,211.86,199.91,34.417,11.711
32.058,211.87,199.91,34.422,11.719
32.064,211.88,199.9,34.427,11.726
32.07,211.89,199.9,34.432,11.734
32.076,211.9,199.9,34.437,11.741
32.082,211.91,199.89,34.442,11.749
32.087,211.92,199.89,34.447,11.756
32.093,211.93,199.88,34.451,11.764
32.099,211.94,199.88,34.456,11.771
32.104,211.95,199.87,34.461,11.778
32.11,211.96,199.87,34.466,11.786
32.115,211.97,199.87,34.47,11.793
32.121,211.98,199.86,34.475,11.8
32.126,211.99,199.86,34.479,11.807
32.131,212,199.85,34.484,11.814
32.137,212.01,199.85,34.489,11.821
32.142,212.02,199.84,34.493,11.828
32.147,212.03,199.84,34.497,11.835
32.152,212.04,199.84,34.502,11.842
32.158,212.05,199.83,34.506,11.849
32.163,212.06,199.83,34.511,11.855
32.168,212.06,199.82,34.515,11.862
32.173,212.07,199.82,34.519,11.869
32.178,212.08,199.82,34.523,11.875
32.183,212.09,199.81,34.527,11.882
32.188,212.1,199.81,34.532,11.888
32.193,212.11,199.81,34.536,11.894
32.197,212.12,199.8,34.54,11.901
32.202,212.12,199.8,34.544,11.907
32.207,212.13,199.79,34.548,11.913
32.212,212.14,199.79,34.552,11.92
32.216,212.15,199.79,34.556,11.926
32.221,212.16,199.78,34.56,11.932
32.226,212.16,199.78,34.564,11.938
32.23,212.17,199.78,34.567,11.944
32.235,212.18,199.77,34.571,11.95
32.239,212.19,199.77,34.575,11.956
32.244,212.2,199.77,34.579,11.962
32.248,212.2,199.76,34.582,11.967
32.252,212.21,199.76,34.586,11.973
32.257,212.22,199.76,34.59,11.979
32.261,212.23,199.75,34.593,11.984
32.265,212.23,199.75,34.597,11.99
32.269,212.24,199.75,34.6,11.996
32.274,212.25,199.74,34.604,12.001
32.278,212.26,199.74,34.607,12.007
32.282,212.26,199.74,34.611,12.012
32.286,212.27,199.73,34.614,12.017
32.29,212.28,199.73,34.617,12.023
32.294,212.28,199.73,34.621,12.028
32.298,212.29,199.72,34.624,12.033
32.302,212.3,199.72,34.627,12.038
32.306,212.3,199.72,34.631,12.043
32.309,212.31,199.71,34.634,12.048
32.313,212.32,199.71,34.637,12.053
32.317,212.32,199.71,34.64,12.058
32.321,212.33,199.71,34.643,12.063
32.324,212.34,199.7,34.646,12.068
32.328,212.34,199.7,34.649,12.073
32.332,212.35,199.7,34.652,12.078
32.335,212.36,199.7,34.655,12.082
32.339,212.36,199.69,34.658,12.087
32.342,212.37,199.69,34.661,12.092
32.346,212.37,199.69,34.664,12.096
32.349,212.38,199.68,34.667,12.101
32.353,212.39,199.68,34.67,12.105
32.356,212.39,199.68,34.673,12.11
32.359,212.4,199.68,34.675,12.114
32.362,212.4,199.67,34.678,12.119
32.366,212.41,199.67,34.681,12.123
32.369,212.41,199.67,34.684,12.127
32.372,212.42,199.67,34.686,12.131
32.375,212.43,199.66,34.689,12.135
32.378,212.43,199.66,34.691,12.14
32.381,212.44,199.66,34.694,12.144
32.385,212.44,199.66,34.696,12.148
32.388,212.45,199.65,34.699,12.152
32.391,212.45,199.65,34.701,12.156
32.393,212.46,199.65,34.704,12.16
32.396,212.46,199.65,34.706,12.163
32.399,212.47,199.65,34.709,12.167
32.402,212.47,199.64,34.711,12.171
32.405,212.48,199.64,34.713,12.175
32.408,212.48,199.64,34.716,12.178
32.41,212.49,199.64,34.718,12.182
32.413,212.49,199.63,34.72,12.186
32.416,212.5,199.63,34.722,12.189
32.418,212.5,199.63,34.725,12.193
32.421,212.51,199.63,34.727,12.196
32.424,212.51,199.63,34.729,12.2
32.426,212.51,199.62,34.731,12.203
32.429,212.52,199.62,34.733,12.206
32.431,212.52,199.62,34.735,12.21
32.434,212.53,199.62,34.737,12.213
32.436,212.53,199.62,34.739,12.216
32.438,212.54,199.62,34.741,12.219
32.441,212.54,199.61,34.743,12.222
32.443,212.54,199.61,34.745,12.225
32.445,212.55,199.61,34.747,12.229
32.448,212.55,199.61,34.749,12.232
32.45,212.56,199.61,34.751,12.235
32.452,212.56,199.6,34.753,12.237
32.454,212.56,199.6,34.754,12.24
32.456,212.57,199.6,34.756,12.243
32.459,212.57,199.6,34.758,12.246
32.461,212.58,199.6,34.76,12.249
32.463,212.58,199.6,34.761,12.252
32.465,212.58,199.59,34.763,12.254
32.467,212.59,199.59,34.765,12.257
32.469,212.59,199.59,34.766,12.26
32.471,212.59,199.59,34.768,12.262
32.473,212.6,199.59,34.77,12.265
32.474,212.6,199.59,34.771,12.267
32.476,212.6,199.59,34.773,12.27
32.478,212.61,199.58,34.774,12.272
32.48,212.61,199.58,34.776,12.274
32.482,212.61,199.58,34.777,12.277
32.484,212.62,199.58,34.779,12.279
32.485,212.62,199.58,34.78,12.281
32.487,212.62,199.58,34.781,12.284
32.489,212.62,199.58,34.783,12.286
32.49,212.63,199.58,34.784,12.288
32.492,212.63,199.57,34.785,12.29
32.493,212.63,199.57,34.787,12.292
32.495,212.64,199.57,34.788,12.294
32.497,212.64,199.57,34.789,12.296
32.498,212.64,199.57,34.791,12.298
32.5,212.64,199.57,34.792,12.3
32.501,212.65,199.57,34.793,12.302
32.502,212.65,199.57,34.794,12.304
32.504,212.65,199.56,34.795,12.306
32.505,212.65,199.56,34.796,12.308
32.507,212.66,199.56,34.798,12.31
32.508,212.66,199.56,34.799,12.312
32.509,212.66,199.56,34.8,12.313
32.511,212.66,199.56,34.801,12.315
32.512,212.66,199.56,34.802,12.317
32.513,212.67,199.56,34.803,12.318
32.514,212.67,199.56,34.804,12.32
32.515,212.67,199.56,34.805,12.322
32.517,212.67,199.55,34.806,12.323
32.518,212.68,199.55,34.807,12.325
32.519,212.68,199.55,34.808,12.326
32.52,212.68,199.55,34.809,12.328
32.521,212.68,199.55,34.81,12.329
32.522,212.68,199.55,34.81,12.331
32.523,212.68,199.55,34.811,12.332
32.524,212.69,199.55,34.812,12.333
32.525,212.69,199.55,34.813,12.335
32.526,212.69,199.55,34.814,12.336
32.527,212.69,199.55,34.814,12.337
32.528,212.69,199.55,34.815,12.338
32.529,212.69,199.55,34.816,12.34
32.53,212.7,199.54,34.817,12.341
32.531,212.7,199.54,34.817,12.342
32.531,212.7,199.54,34.818,12.343
32.532,212.7,199.54,34.819,12.344
32.533,212.7,199.54,34.819,12.345
32.534,212.7,199.54,34.82,12.346
32.535,212.7,199.54,34.821,12.347
32.535,212.71,199.54,34.821,12.348
32.536,212.71,199.54,34.822,12.349
32.537,212.71,199.54,34.823,12.35
32.538,212.71,199.54,34.823,12.351
32.538,212.71,199.54,34.824,12.352
32.539,212.71,199.54,34.824,12.353
32.54,212.71,199.54,34.825,12.354
32.54,212.71,199.54,34.825,12.355
32.541,212.72,199.54,34.826,12.355
32.541,212.72,199.54,34.826,12.356
32.542,212.72,199.54,34.827,12.357
32.543,212.72,199.53,34.827,12.358
32.543,212.72,199.53,34.828,12.358
32.544,212.72,199.53,34.828,12.359
32.544,212.72,199.53,34.828,12.36
32.545,212.72,199.53,34.829,12.36
32.545,212.72,199.53,34.829,12.361
32.546,212.72,199.53,34.83,12.362
32.546,212.72,199.53,34.83,12.362
32.546,212.73,199.53,34.83,12.363
32.547,212.73,199.53,34.831,12.363
32.547,212.73,199.53,34.831,12.364
32.548,212.73,199.53,34.831,12.365
32.548,212.73,199.53,34.832,12.365
32.548,212.73,199.53,34.832,12.365
32.549,212.73,199.53,34.832,12.366
32.549,212.73,199.53,34.833,12.366
32.549,212.73,199.53,34.833,12.367
32.55,212.73,199.53,34.833,12.367
32.55,212.73,199.53,34.833,12.368
32.55,212.73,199.53,34.834,12.368
32.551,212.73,199.53,34.834,12.368
32.551,212.73,199.53,34.834,12.369
32.551,212.73,199.53,34.834,12.369
32.551,212.73,199.53,34.834,12.369
32.552,212.73,199.53,34.835,12.37
32.552,212.73,199.53,34.835,12.37
32.552,212.73,199.53,34.835,12.37
32.552,212.74,199.53,34.835,12.371
32.552,212.74,199.53,34.835,12.371
32.552,212.74,199.53,34.835,12.371
32.553,212.74,199.53,34.836,12.371
32.553,212.74,199.53,34.836,12.371
32.553,212.74,199.53,34.836,12.372
32.553,212.74,199.53,34.836,12.372
32.553,212.74,199.53,34.836,12.372
32.553,212.74,199.53,34.836,12.372
32.553,212.74,199.53,34.836,12.372
32.554,212.74,199.53,34.836,12.373
32.554,212.74,199.53,34.836,12.373
32.554,212.74,199.53,34.836,12.373
32.554,212.74,199.53,34.837,12.373
32.554,212.74,199.53,34.837,12.373
32.554,212.74,199.53,34.837,12.373
32.554,212.74,199.53,34.837,12.373
32.554,212.74,199.53,34.837,12.373
32.554,212.74,199.53,34.837,12.373
32.554,212.74,199.53,34.837,12.373
32.554,212.74,199.53,34.837,12.373
32.554,212.74,199.53,34.837,12.374
32.554,212.74,199.53,34.837,12.374
32.554,212.74,199.53,34.837,12.374
32.554,212.74,199.53,34.837,12.374
32.554,212.74,199.53,34.837,12.374
32.555,212.74,199.53,34.837,12.374
32.555,212.74,199.53,34.837,12.374
32.555,212.74,199.53,34.837,12.374
32.555,212.74,199.53,34.837,12.374
32.555,212.74,199.53,34.837,12.374
32.555,212.74,199.53,34.837,12.374
32.555,212.74,199.53,34.837,12.374
32.555,212.74,199.53,34.837,12.374
32.555,212.74,199.53,34.837,12.374
32.555,212.74,199.53,34.837,12.374
32.555,212.74,199.53,34.837,12.374
32.555,212.74,199.53,34.837,12.374
32.555,212.74,199.53,34.837,12.374
32.555,212.74,199.53,34.837,12.374
